{
    "loss": 0.5300573706626892,
    "accuracy": 0.7294970750808716
}